"Subject","treatment","trial","rt","First_Condition"
1,"Music",1,363,"Silence"
1,"Music",2,363,"Silence"
1,"Music",3,282,"Silence"
1,"Music",4,294,"Silence"
1,"Music",5,332,"Silence"
1,"Silence",1,279,"Silence"
1,"Silence",2,307,"Silence"
1,"Silence",3,296,"Silence"
1,"Silence",4,367,"Silence"
1,"Silence",5,307,"Silence"
2,"Music",1,328,"Silence"
2,"Music",2,271,"Silence"
2,"Music",3,284,"Silence"
2,"Music",4,298,"Silence"
2,"Music",5,291,"Silence"
2,"Silence",1,278,"Silence"
2,"Silence",2,270,"Silence"
2,"Silence",3,412,"Silence"
2,"Silence",4,356,"Silence"
2,"Silence",5,165,"Silence"
3,"Music",1,332,"Music"
3,"Music",2,329,"Music"
3,"Music",3,293,"Music"
3,"Music",4,318,"Music"
3,"Music",5,313,"Music"
3,"Silence",1,313,"Music"
3,"Silence",2,281,"Music"
3,"Silence",3,292,"Music"
3,"Silence",4,337,"Music"
3,"Silence",5,302,"Music"
4,"Music",1,297,"Silence"
4,"Music",2,287,"Silence"
4,"Music",3,297,"Silence"
4,"Music",4,298,"Silence"
4,"Music",5,287,"Silence"
4,"Silence",1,252,"Silence"
4,"Silence",2,292,"Silence"
4,"Silence",3,289,"Silence"
4,"Silence",4,303,"Silence"
4,"Silence",5,280,"Silence"
5,"Music",1,322,"Music"
5,"Music",2,280,"Music"
5,"Music",3,291,"Music"
5,"Music",4,432,"Music"
5,"Music",5,320,"Music"
5,"Silence",1,304,"Music"
5,"Silence",2,301,"Music"
5,"Silence",3,288,"Music"
5,"Silence",4,316,"Music"
5,"Silence",5,295,"Music"
6,"Music",1,294,"Music"
6,"Music",2,283,"Music"
6,"Music",3,324,"Music"
6,"Music",4,348,"Music"
6,"Music",5,314,"Music"
6,"Silence",1,288,"Music"
6,"Silence",2,349,"Music"
6,"Silence",3,324,"Music"
6,"Silence",4,312,"Music"
6,"Silence",5,322,"Music"
7,"Music",1,322,"Silence"
7,"Music",2,268,"Silence"
7,"Music",3,282,"Silence"
7,"Music",4,264,"Silence"
7,"Music",5,279,"Silence"
7,"Silence",1,290,"Silence"
7,"Silence",2,244,"Silence"
7,"Silence",3,288,"Silence"
7,"Silence",4,330,"Silence"
7,"Silence",5,303,"Silence"
8,"Music",1,279,"Slience"
8,"Music",2,324,"Slience"
8,"Music",3,315,"Slience"
8,"Music",4,279,"Slience"
8,"Music",5,299,"Slience"
8,"Silence",1,313,"Slience"
8,"Silence",2,296,"Slience"
8,"Silence",3,272,"Slience"
8,"Silence",4,315,"Slience"
8,"Silence",5,294,"Slience"
9,"Music",1,428,"Music"
9,"Music",2,369,"Music"
9,"Music",3,294,"Music"
9,"Music",4,339,"Music"
9,"Music",5,350,"Music"
9,"Silence",1,270,"Music"
9,"Silence",2,240,"Music"
9,"Silence",3,221,"Music"
9,"Silence",4,240,"Music"
9,"Silence",5,245,"Music"
10,"Music",1,285,"Music"
10,"Music",2,299,"Music"
10,"Music",3,296,"Music"
10,"Music",4,268,"Music"
10,"Music",5,280,"Music"
10,"Silence",1,325,"Music"
10,"Silence",2,291,"Music"
10,"Silence",3,325,"Music"
10,"Silence",4,281,"Music"
10,"Silence",5,301,"Music"
11,"Music",1,361,""
11,"Music",2,334,""
11,"Music",3,391,""
11,"Music",4,287,""
11,"Music",5,329,""
11,"Silence",1,351,""
11,"Silence",2,272,""
11,"Silence",3,349,""
11,"Silence",4,309,""
11,"Silence",5,375,""
12,"Music",1,480,""
12,"Music",2,329,""
12,"Music",3,346,""
12,"Music",4,323,""
12,"Music",5,357,""
12,"Silence",1,308,""
12,"Silence",2,278,""
12,"Silence",3,301,""
12,"Silence",4,297,""
12,"Silence",5,403,""
13,"Music",1,226,""
13,"Music",2,255,""
13,"Music",3,250,""
13,"Music",4,277,""
13,"Music",5,248,""
13,"Silence",1,268,""
13,"Silence",2,241,""
13,"Silence",3,277,""
13,"Silence",4,244,""
13,"Silence",5,265,""
14,"Music",1,304,""
14,"Music",2,321,""
14,"Music",3,348,""
14,"Music",4,301,""
14,"Music",5,310,""
14,"Silence",1,289,""
14,"Silence",2,316,""
14,"Silence",3,295,""
14,"Silence",4,261,""
14,"Silence",5,281,""
15,"Music",1,273,""
15,"Music",2,303,""
15,"Music",3,307,""
15,"Music",4,337,""
15,"Music",5,299,""
15,"Silence",1,339,""
15,"Silence",2,301,""
15,"Silence",3,310,""
15,"Silence",4,336,""
15,"Silence",5,394,""
16,"Music",1,265,""
16,"Music",2,231,""
16,"Music",3,222,""
16,"Music",4,259,""
16,"Music",5,249,""
16,"Silence",1,260,""
16,"Silence",2,268,""
16,"Silence",3,245,""
16,"Silence",4,219,""
16,"Silence",5,247,""
17,"Music",1,242,""
17,"Music",2,256,""
17,"Music",3,335,""
17,"Music",4,233,""
17,"Music",5,267,""
17,"Silence",1,242,""
17,"Silence",2,285,""
17,"Silence",3,283,""
17,"Silence",4,361,""
17,"Silence",5,296,""
18,"Music",1,287,""
18,"Music",2,365,""
18,"Music",3,482,""
18,"Music",4,258,""
18,"Music",5,407,""
18,"Silence",1,253,""
18,"Silence",2,326,""
18,"Silence",3,304,""
18,"Silence",4,240,""
18,"Silence",5,296,""
